"","Topic 1","Topic 2","Topic 3","Topic 4","Topic 5","Topic 6","Topic 7","Topic 8","Topic 9","Topic 10"
"1","new","said","said","percent","year","nana","said","said","new","said"
"2","percent","new","new","said","one","words","new","will","said","york"
"3","just","percent","years","year","like","terms","percent","york","like","new"
"4","can","will","companies","will","york","document","companies","years","also","company"
"5","will","year","york","york","sales","file","one","bank","company","one"
"6","like","york","company","like","new","matrix","company","one","chief","million"
"7","company","like","year","also","companies","tmmapa","time","like","year","time"
"8","sales","one","will","years","people","topic","edition","can","just","sales"
"9","now","million","sales","last","percent","classifymodelcontainer","year","edition","percent","market"
"10","column","company","business","two","chief","crossvalidatecontainer","first","company","years","last"
"11","edition","market","two","business","bank","number","million","last","first","first"
"12","banks","people","can","now","market","create","also","may","edition","investors"
"13","last","also","last","executive","also","names","desk","market","another","may"
"14","people","companies","percent","can","just","term","can","even","billion","chief"
"15","companies","chief","time","sold","executive","sparse","market","part","sales","can"
"16","european","sales","billion","money","work","change","since","billion","two","banks"
"17","money","billion","also","million","now","data","financial","say","much","part"
"18","make","desk","first","american","investment","output","business","people","european","federal"
"19","york","bank","people","big","businessfinancial","lda","big","work","executive","going"
"20","another","column","just","still","much","look","businessfinancial","much","according","still"
"21","desk","america","desk","time","industry","models","column","still","work","american"
"22","big","financial","say","column","pay","row","research","investors","companies","states"
"23","recent","now","states","sales","apple","convert","finalsection","since","one","column"
"24","states","even","work","make","last","check","united","many","market","month"
"25","much","finalsection","part","investors","many","corpus","just","sales","put","finalsection"
"26","said","two","industry","government","column","text","rose","technology","many","sold"
"27","government","federal","make","stock","big","per","week","stock","technology","apple"
"28","going","many","technology","billion","desk","top","much","might","states","including"
"29","president","last","according","many","say","column","banks","made","time","data"
"30","industry","business","banks","businessfinancial","million","first","investment","group","stock","business"
"31","week","money","column","fed","private","last","last","states","global","government"
"32","set","data","businessfinancial","tax","better","prints","billion","banks","fed","desk"
"33","group","united","pay","recent","data","rows","pay","corporate","last","year"
"34","businessfinancial","group","well","group","way","boosting","years","finalsection","american","much"
"35","also","revenue","tax","america","group","summary","say","director","now","might"
"36","way","president","million","work","fed","tree","apple","get","agency","profit"
"37","get","executive","get","bank","little","sorted","private","growth","international","global"
"38","even","made","month","deal","finalsection","directory","people","chief","see","deal"
"39","investors","according","united","data","states","object","national","want","deal","percent"
"40","results","businessfinancial","might","even","first","topics","companys","take","desk","recent"
"41","google","may","bank","less","european","bagging","make","including","business","web"
"42","report","high","data","way","art","containing","less","economy","number","also"
"43","according","google","want","united","company","csv","bernanke","national","capital","vehicles"
"44","finalsection","european","put","states","around","glmnet","says","companys","say","since"
"45","business","way","less","financial","analysts","maxent","american","analysts","news","expected"
"46","well","first","money","week","news","nnet","times","city","industry","bank"
"47","world","among","america","since","case","slda","analysts","high","month","executive"
"48","years","states","finalsection","edition","financial","svm","way","better","back","stock"
"49","day","quarter","need","economy","part","documents","office","industry","banks","made"
"50","product","growth","small","may","investors","model","price","make","research","financial"
